{
  "current_date": "2025-12-01",
  "S0": 86286.01,
  "H0": 649870.0,
  "D0": 8222065000.000001,
  "N0": 267713000.0,
  "pi0": -0.04184904343221719,
  "ILE_current": 1.1718205661039776,
  "TEE_current": -0.3079464498751825,
  "PMRI_current": -1.5060884848024674,
  "IBGR_total_current": 0.1832777437024132,
  "IBGR_per_share_3y": 0.1837947421352409,
  "IFRD_mean": 38302503823.41785,
  "IFRD_p95": 80299210890.96898,
  "survival_prob_3y_eps0": 0.9942,
  "survival_prob_3y_eps10pct": 0.9932
}