{
  "mu_s": 0.13954000049707402,
  "sigma_s": 0.4882427962402235,
  "rho": -0.49135027570212836,
  "gamma_pi_s": -1.47976701597916,
  "debt_0": 8222065000.000001,
  "shares_0": 267713000.0,
  "nav_floor": 1.0,
  "ou_kappa": 4.08122427000703,
  "ou_theta": 0.7050547878679425,
  "ou_sigma": 1.4168518034831818,
  "holdings_alpha": 0.0,
  "holdings_lambda_m": 17.294813979706877,
  "holdings_mean_jump_size": 6886.8452380952385
}